name,latitude,longitude,subtype,year,date_reported,description,image_url,official_url,county,city
Pontiac Lake State Recreation Area,42.67350621475373,-83.44158456601151,State Park or Recreation Area,,,,,https://www.michigan.gov/recsearch/parks/PontiacLake,Oakland,Waterford
Sterling State Park,41.93058608922822,-83.34466046851315,State Park or Recreation Area,,,"William C. Sterling State Park is a public recreation area located in Frenchtown Charter Township with a small portion lying within the city limits of Monroe, Michigan. It is the only Michigan state park located on Lake Erie. The park encompasses 1,300 acres (530 ha) of mostly man-made lagoons and beachfront near the mouth of Sandy Creek. The main attractions at the park include a 256-site campground, beach area, boat launch, and shore fishing lagoons. There are over seven miles (11 km) of biking and hiking trails within the park.",https://upload.wikimedia.org/wikipedia/commons/thumb/a/aa/Sterling_State_Park_Michigan_pedestrian_bridge_over_lagoon.JPG/330px-Sterling_State_Park_Michigan_pedestrian_bridge_over_lagoon.JPG?utm_source=en.wikipedia.org&utm_campaign=api&utm_content=thumbnail,https://www.michigan.gov/recsearch/parks/Sterling,Monroe,Monroe
Bay City State Park,43.6672273619685,-83.90589680634754,State Park or Recreation Area,,,"Bay City State Park is a 2,389-acre (967 ha) state park located on the shore of Saginaw Bay near Bay City in Bay County, Michigan, United States. The Tobico Marsh, one of the largest remaining freshwater, coastal wetlands on the Great Lakes is located in the park. The park is a haven for migratory birds and wetland wildlife. Other natural features of the park include a mile of sandy beach, over 2,000 acres (810 ha) of wetland woods, meadows, oak savannah prairies, and cattail marshes.",https://upload.wikimedia.org/wikipedia/commons/thumb/c/ca/Bay_City_State_Park_beach.jpg/330px-Bay_City_State_Park_beach.jpg?utm_source=en.wikipedia.org&utm_campaign=api&utm_content=thumbnail,https://www.michigan.gov/recsearch/parks/BayCity,Bay,Bay City
Island Lake State Recreation Area,42.51281517473299,-83.68974262706371,State Park or Recreation Area,,,"Island Lake State Recreation Area is a state-run park in Green Oak Township, Livingston County, within the Metro Detroit area in Michigan. The 4,000-acre (1,600 ha) park lies on the Huron River and Kent Lake, an impoundment of the river, immediately downstream of Kensington Metropark with which it is connected by a bike trail. It is the third busiest park operated by the Michigan Department of Natural Resources with visitation of 1.09 million in 2008. The park lies near the intersection of I-96 and US-23. It has a group campsite and a canoe-in campsite, several miles of hiking and biking trai…",,https://www.michigan.gov/recsearch/parks/IslandLake,Livingston,Brighton
Brighton State Recreation Area,42.50631437104591,-83.85929635073353,State Park or Recreation Area,,,,,https://www.michigan.gov/recsearch/parks/Brighton,Livingston,Howell
Meridian-Baseline State Park,42.424947439905715,-84.36525092014628,State Park or Recreation Area,,,"Meridian-Baseline State Park is a historic preservation area covering 108 acres (44 ha) in Ingham County and Jackson County, Michigan, containing the intersection of the Michigan meridian and the baseline used for the Michigan Survey. The state park has two monuments that show where the two mismatched baselines meet the principal meridian at the North Initial Point and South Initial Point.",https://upload.wikimedia.org/wikipedia/commons/thumb/0/02/Meridian_Baseline_State_Park.jpg/330px-Meridian_Baseline_State_Park.jpg?utm_source=en.wikipedia.org&utm_campaign=api&utm_content=thumbnail,https://www.michigan.gov/recsearch/parks/Meridian,Ingham,
Hayes State Park,42.06341607242602,-84.14081472255023,State Park or Recreation Area,,,"Walter J. Hayes State Park is a public recreation area covering 654 acres (265 ha) on the southeast corner of Wamplers Lake in the Irish Hills region of the state of Michigan. Most of the state park lies within Lenawee County with a small portion extending into Jackson and Washtenaw counties in the Round Lake area. The park offers access to 796-acre (322 ha) Wamplers Lake and completely surrounds 100-acre (40 ha) Round Lake, which connects to Wamplers Lake via a channel navigable by smaller boats. Other scenic lakes including Evans Lake and Sand Lake as well as chains of smaller lakes lie nea…",https://upload.wikimedia.org/wikipedia/commons/thumb/9/91/Hayes_State_Park_%28June_2019%29.jpg/330px-Hayes_State_Park_%28June_2019%29.jpg?utm_source=en.wikipedia.org&utm_campaign=api&utm_content=thumbnail,https://www.michigan.gov/recsearch/parks/Hayes,Lenawee,Onsted
Lake Hudson State Recreation Area,41.83597202669089,-84.23577573091524,State Park or Recreation Area,,,"Lake Hudson State Recreation Area is a public recreation area located within southwestern Lenawee County in the U.S. state of Michigan. With its main entrance located along M-156, it is mostly located within Hudson Township and a very small portion extending south into neighboring Medina Township.",https://upload.wikimedia.org/wikipedia/commons/thumb/5/59/Lake_Hudson_State_Recreation_Area_%28Bear_Creek_Dam%29.jpg/330px-Lake_Hudson_State_Recreation_Area_%28Bear_Creek_Dam%29.jpg?utm_source=en.wikipedia.org&utm_campaign=api&utm_content=thumbnail,https://www.michigan.gov/recsearch/parks/LakeHudson,Lenawee,Clayton
Coldwater Lake State Park,41.79893498287837,-84.96826594853458,State Park or Recreation Area,,,"Coldwater Lake State Park is an undeveloped public recreation area occupying 400 acres (160 ha) on the south shore of Coldwater Lake, ten miles (16 km) south of the city of Coldwater in Branch County, Michigan. Money from the Natural Resources Trust Funds was used to create the state park in 1988. Two small, unpaved parking areas offer walk-in access for hunters and fishermen. A general management plan for the park was adopted by the Michigan State Parks Advisory Committee in 2015.",,https://www.michigan.gov/recsearch/parks/Coldwater,Branch,Coldwater
Grand Mere State Park,42.00348193493112,-86.5422084397643,State Park or Recreation Area,,,"Grand Mere State Park is a public recreation and nature preservation area in the southwestern part of the U.S. state of Michigan near Stevensville. The state park is located adjacent to Interstate 94. Protected from Lake Michigan by the dunes to the west, the park has many natural features not found throughout the rest of the state. In 1968 it was designated a National Natural Landmark.",https://upload.wikimedia.org/wikipedia/commons/thumb/8/82/Grand_Mere_Beach.jpg/330px-Grand_Mere_Beach.jpg?utm_source=en.wikipedia.org&utm_campaign=api&utm_content=thumbnail,https://www.michigan.gov/recsearch/parks/GrandMere,Berrien,Stevensville
Warren Dunes State Park,41.901437914322855,-86.59494044635541,State Park or Recreation Area,,,"Warren Dunes State Park is a 1,500-acre (610 ha) public recreation area located along the eastern shore of Lake Michigan in Berrien County, Michigan. The state park's large sand dunes and lakeshore beaches make it one of the most popular of Michigan's state parks.",https://upload.wikimedia.org/wikipedia/commons/thumb/3/3c/Warren_Dunes.JPG/330px-Warren_Dunes.JPG?utm_source=en.wikipedia.org&utm_campaign=api&utm_content=thumbnail,https://www.michigan.gov/recsearch/parks/WarrenDunes,Berrien,Sawyer
Warren Woods State Park,41.82795790001637,-86.62329844760413,State Park or Recreation Area,,,"Warren Woods State Park is a 311-acre (126 ha) nature preserve and public recreation area in Berrien County, Michigan, near the village of Three Oaks. The state park is leased by private owners to the state of Michigan.",https://upload.wikimedia.org/wikipedia/commons/thumb/9/97/Warren_Woods_State_Park.jpg/330px-Warren_Woods_State_Park.jpg?utm_source=en.wikipedia.org&utm_campaign=api&utm_content=thumbnail,https://www.michigan.gov/recsearch/parks/WarrenWoods,Berrien,Sawyer
Fort Custer State Recreation Area,42.334406056781205,-85.33836311161959,State Park or Recreation Area,,,,,https://www.michigan.gov/recsearch/parks/FortCuster,Kalamazoo,Augusta
Waterloo State Recreation Area,42.3332090470526,-84.10680529437224,State Park or Recreation Area,,,"Waterloo State Recreation Area is the third-largest park in Michigan, encompassing over 21,000 acres (85 km2) of forest, lakes and wetlands. Located in northeast Jackson County and parts of Washtenaw County, the park is the largest in the Lower Peninsula of Michigan and features 4 campgrounds, 11 lakes, a nature center, and over 50 miles (80 km) of trails - some for horses, bicycles, hiking and cross-country skiing. Waterloo SRA includes the Black Spruce Bog Natural Area, a National Natural Landmark and borders the 11,000-acre (45 km2) Pinckney Recreation Area on the east and the 950-acre (3.…",https://upload.wikimedia.org/wikipedia/commons/thumb/a/ab/Waterloo_State_Recreation_area_Miching_Markla_Lake_access_path.JPG/330px-Waterloo_State_Recreation_area_Miching_Markla_Lake_access_path.JPG?utm_source=en.wikipedia.org&utm_campaign=api&utm_content=thumbnail,https://www.michigan.gov/recsearch/parks/Waterloo,Washtenaw,Chelsea
Pinckney State Recreation Area,42.40706814202939,-83.96082869945377,State Park or Recreation Area,,,"Pinckney State Recreation Area is a Michigan state recreation area in Dexter, Sylvan and Lyndon Townships, Washtenaw County and Putnam and Unadilla Townships, Livingston County in the U.S. state of Michigan. The park is 11,000 acres (4,500 ha) and sits at an elevation of 922 feet (281 m). The park is connected to the nearby Waterloo State Recreation Area by the 35-mile (56 km) Waterloo–Pinckney Trail. Pinckney State Recreation Area is open for year-round recreation including hiking, fishing, swimming, hunting and a variety of winter sports.",https://upload.wikimedia.org/wikipedia/commons/thumb/a/a2/Snowy_river_in_Pinckney.jpg/330px-Snowy_river_in_Pinckney.jpg?utm_source=en.wikipedia.org&utm_campaign=api&utm_content=thumbnail,https://www.michigan.gov/recsearch/parks/Pinckney,Washtenaw,Pinckney
Yankee Springs State Recreation Area,42.61985225087306,-85.51333469832014,State Park or Recreation Area,,,"Yankee Springs State Recreation Area is a state-managed protected area located in Yankee Springs Township in Barry County, Michigan.",,https://www.michigan.gov/recsearch/parks/YankeeSprings,Barry,Middleville
Saugatuck Dunes State Park,42.696969073007224,-86.19071040334704,State Park or Recreation Area,,,"Saugatuck Dunes State Park is a public recreation area covering 1,000 acres (400 ha) on the shore of Lake Michigan between Saugatuck and Holland in Allegan County, Michigan.",https://upload.wikimedia.org/wikipedia/commons/thumb/9/9e/Water_and_Covered_Dune%2C_Looking_North%2C_Saugatuck_Dunes_State_Park%2C_Michigan.jpg/330px-Water_and_Covered_Dune%2C_Looking_North%2C_Saugatuck_Dunes_State_Park%2C_Michigan.jpg?utm_source=en.wikipedia.org&utm_campaign=api&utm_content=thumbnail,https://www.michigan.gov/recsearch/parks/Saugatuck,Allegan,Saugatuck Dunes
Grand Haven State Park,43.05556433017348,-86.24695920003434,State Park or Recreation Area,,,"Grand Haven State Park is a public recreation area on the shores Lake Michigan on the south side of the mouth of the Grand River and harbor in Grand Haven, Michigan. The state park encompasses 48 acres (19 ha) consisting entirely of beach sand. It features camping and beach activities along with scenic views of the Grand Haven South Pierhead Entrance Light and Grand Haven South Pierhead Inner Light.",https://upload.wikimedia.org/wikipedia/commons/thumb/e/e3/Grand_Haven_MI_South_Pierhead_Light_and_inner_lighthouse.jpg/330px-Grand_Haven_MI_South_Pierhead_Light_and_inner_lighthouse.jpg?utm_source=en.wikipedia.org&utm_campaign=api&utm_content=thumbnail,https://www.michigan.gov/recsearch/parks/GrandHaven,Ottawa,Grand Haven
Bass River State Recreation Area,43.019654947031505,-86.0457855751157,State Park or Recreation Area,,,"Bass River State Recreation Area is a 1,665-acre (674 ha) recreation area, located in Allendale Charter Township and Robinson Township, Ottawa County, Michigan. It is located at the mouth of the Bass River, where the smaller river flows into the Grand River.",,https://www.michigan.gov/recsearch/parks/BassRiver,Ottawa,Lamont
Metamora-Hadley State Recreation Area,42.9450752663962,-83.35885456674714,State Park or Recreation Area,,,,,https://www.michigan.gov/recsearch/parks/Metamora,Lapeer,Metamora
Ortonville State Recreation Area,42.885406253791515,-83.40391557472458,State Park or Recreation Area,,,,,https://www.michigan.gov/recsearch/parks/Ortonville,Lapeer,Ortonville
Seven Lakes State Park,42.81690922980116,-83.6482326428229,State Park or Recreation Area,,,"Seven Lakes State Park is a public recreation area covering 1,434 acres (580 ha) one mile northwest of Holly in Holly Township, Oakland County, Michigan. The state park's 230 acres (93 ha) of water are found in six named lakes that include 170-acre Big Seven Lake, Little Seven Lake, and 44-acre Dickinson Lake.",https://upload.wikimedia.org/wikipedia/commons/thumb/7/77/Seven_Lakes_State_Park.jpg/330px-Seven_Lakes_State_Park.jpg?utm_source=en.wikipedia.org&utm_campaign=api&utm_content=thumbnail,https://www.michigan.gov/recsearch/parks/SevenLakes,Oakland,Holly
Albert E. Sleeper State Park,43.98035545212465,-83.21031362146371,State Park or Recreation Area,,,"Albert E. Sleeper State Park is a public recreation area on Lake Huron in Lake Township, Huron County, Michigan. The state park encompasses 723 acres (293 ha) four miles northeast of Caseville, close to the tip of The Thumb of Michigan.",https://upload.wikimedia.org/wikipedia/commons/thumb/7/76/Sleeper_State_Park_%28Aug_2019%29.jpg/330px-Sleeper_State_Park_%28Aug_2019%29.jpg?utm_source=en.wikipedia.org&utm_campaign=api&utm_content=thumbnail,https://www.michigan.gov/recsearch/parks/Sleeper,Huron,Caseville
Sanilac Petroglyphs State Park,43.65646240661048,-83.0177745301325,State Park or Recreation Area,,,"Sanilac Petroglyphs Historic State Park is a historic preservation area in the U.S. state of Michigan. The state park, also known as ezhibiigadek asin, consists of 240 acres (97 ha) in Greenleaf Township, Sanilac County, in Michigan's Thumb. It contains the largest collection of Native American petroglyphs in Michigan. The carvings were created in the pre-Columbian era and represent aspects of Native American spirituality. An interpretive hiking trail within the park passes along the nearby Cass River.",https://upload.wikimedia.org/wikipedia/commons/thumb/8/8a/Sanilac_Petroglyphs_-_Archer.jpg/330px-Sanilac_Petroglyphs_-_Archer.jpg?utm_source=en.wikipedia.org&utm_campaign=api&utm_content=thumbnail,https://www.michigan.gov/recsearch/parks/Sanilac,Sanilac,Cass City
Lakeport State Park,43.11933434110893,-82.49708731595024,State Park or Recreation Area,,,"Lakeport State Park is a public recreation area on the shores of Lake Huron in St. Clair County, Michigan. The state park consists of two units on either side of the community of Lakeport within Burtchville Township. Two campgrounds, beachfront, and camp store are on the north side, and a picnic area and beachfront are on the south side.",https://upload.wikimedia.org/wikipedia/commons/thumb/8/89/Lakeport_State_Park_%28June_2025%29.jpg/330px-Lakeport_State_Park_%28June_2025%29.jpg?utm_source=en.wikipedia.org&utm_campaign=api&utm_content=thumbnail,https://www.michigan.gov/recsearch/parks/Lakeport,St. Clair,Lakeport
Holland State Park,42.7773220861649,-86.20022641477924,State Park or Recreation Area,,,"Holland State Park is a public recreation area covering 142 acres (57 ha) in Park Township, Ottawa County, four miles (6 km) west of the city of Holland, Michigan. The state park consists of separate Lake Macatawa and Lake Michigan units on the northern side of the channel connecting Lake Macatawa with Lake Michigan. It is often the most visited state park in Michigan, receiving between 1.5 and 2 million visitors annually.",https://upload.wikimedia.org/wikipedia/commons/thumb/e/ed/Holland_State_Park.jpg/330px-Holland_State_Park.jpg?utm_source=en.wikipedia.org&utm_campaign=api&utm_content=thumbnail,https://www.michigan.gov/recsearch/parks/Holland,Ottawa,Holland
Sleepy Hollow State Park,42.938566130062696,-84.40727540984892,State Park or Recreation Area,,,"Sleepy Hollow State Park is a public recreation area covering 2,678 acres (1,084 ha) in the townships of Ovid and Victor in Clinton County, Michigan. The state park is located off US-127 nine miles southeast of St. Johns and four miles northwest of Laingsburg and centers on man-made, 410-acre (170 ha) Lake Ovid.",https://upload.wikimedia.org/wikipedia/commons/thumb/e/ea/Sleepy_Hollow_State_Park%2C_October-1.jpg/330px-Sleepy_Hollow_State_Park%2C_October-1.jpg?utm_source=en.wikipedia.org&utm_campaign=api&utm_content=thumbnail,https://www.michigan.gov/recsearch/parks/SleepyHollow,Clinton,Laingsburg
Duck Lake State Park,43.34341516990137,-86.40747553570637,State Park or Recreation Area,,,"Duck Lake State Park is a public recreation area covering 728 acres (295 ha) on Lake Michigan five miles (8.0 km) southwest of Whitehall in Muskegon County, Michigan. The state park, which runs along the north side of Duck Lake to Lake Michigan, features a large sand dune. The park's Scenic Drive is part of the Shoreline Trail route in Muskegon County.",https://upload.wikimedia.org/wikipedia/commons/thumb/0/0b/Scenic_drive_at_Duck_Lake%2C_Muskegon%2C_Michigan_%2864134%29.jpg/330px-Scenic_drive_at_Duck_Lake%2C_Muskegon%2C_Michigan_%2864134%29.jpg?utm_source=en.wikipedia.org&utm_campaign=api&utm_content=thumbnail,https://www.michigan.gov/recsearch/parks/DuckLake,Muskegon,North Muskegon
P.J. Hoffmaster State Park,43.13319814267918,-86.26609647144842,State Park or Recreation Area,,,"P. J. Hoffmaster State Park is a public recreation area on the shores of Lake Michigan located five miles north of Grand Haven at the southwest corner of Norton Shores, in Muskegon County, and the northwest corner of Spring Lake Township, in Ottawa County, in the U.S. state of Michigan. The state park's 1,200 acres (490 ha) of land include three miles (4.8 km) of sand beach on the lake. It is operated by the Michigan Department of Natural Resources.",https://upload.wikimedia.org/wikipedia/commons/thumb/3/3c/Hoffmaster_parabolic_dune.jpg/330px-Hoffmaster_parabolic_dune.jpg?utm_source=en.wikipedia.org&utm_campaign=api&utm_content=thumbnail,https://www.michigan.gov/recsearch/parks/Hoffmaster,Muskegon,Muskegon
Bond Falls State Scenic Site,46.40977148360081,-89.13475673313526,State Park or Recreation Area,,,,,https://www.michigan.gov/recsearch/parks/BondFalls,Ontonagon,Paulding
Charles Mears State Park,43.781861240546185,-86.43911559292651,State Park or Recreation Area,,,"Charles Mears State Park is a public recreation area in the village of Pentwater, Oceana County, Michigan. The state park encompasses 50 acres (20 ha) on the north side of the channel that connects Lake Michigan and Pentwater Lake.",https://upload.wikimedia.org/wikipedia/commons/thumb/f/f1/Mears_State_Park_beachfront_%28August_2025%29.jpg/330px-Mears_State_Park_beachfront_%28August_2025%29.jpg?utm_source=en.wikipedia.org&utm_campaign=api&utm_content=thumbnail,https://www.michigan.gov/recsearch/parks/Mears,Oceana,Pentwater
Silver Lake State Park,43.662338217701254,-86.49440059614314,State Park or Recreation Area,,,,,https://www.michigan.gov/recsearch/parks/SilverLake,Oceana,Mears
Ludington State Park,44.031611277895884,-86.50554764118546,State Park or Recreation Area,,,"Ludington State Park is a public recreation area located two miles north of Ludington, Michigan, occupying 4,800 acres (1,900 ha) between the shores of Lake Michigan and Hamlin Lake. The state park is crossed by a one-mile stretch of the Big Sable River and is home to the 112-foot-high (34 m) Big Sable Point Lighthouse, which dates from 1876.",https://upload.wikimedia.org/wikipedia/commons/thumb/b/b1/Big_Sable_Point_Lighthouse2.JPG/330px-Big_Sable_Point_Lighthouse2.JPG?utm_source=en.wikipedia.org&utm_campaign=api&utm_content=thumbnail,https://www.michigan.gov/recsearch/parks/Ludington,Mason,Ludington
Lake Gogebic State Park,46.456841462194724,-89.56951687128526,State Park or Recreation Area,,,"Lake Gogebic State Park is a public recreation area covering 360 acres (150 ha) in the Upper Peninsula of Michigan. The state park sits on the western shore of Lake Gogebic, the largest inland lake in the Upper Peninsula. The land around the park is sparsely populated, and relatively flat.",https://upload.wikimedia.org/wikipedia/commons/thumb/d/d3/Boardwalk_at_Lake_Gogebic_State_Park_%2829940616062%29.jpg/330px-Boardwalk_at_Lake_Gogebic_State_Park_%2829940616062%29.jpg?utm_source=en.wikipedia.org&utm_campaign=api&utm_content=thumbnail,https://www.michigan.gov/recsearch/parks/LakeGogebic,Gogebic,Marenisco
Porcupine Mountains State Park,46.818160510623194,-89.62157893885609,State Park or Recreation Area,,,"The Porcupine Mountains, or Porkies, are a group of small mountains spanning the northwestern Upper Peninsula of Michigan in Ontonagon and Gogebic counties, near the shore of Lake Superior. The Porcupine Mountains were named by the native Ojibwa people, supposedly because their silhouette had the shape of a crouching porcupine. They are home to the most extensive stand of old growth northern hardwood forest in North America west of the Adirondack Mountains, spanning at least 31,000 acres (13,000 ha). The area is popular among tourists, especially Lake of the Clouds in the heart of the mountai…",https://upload.wikimedia.org/wikipedia/commons/thumb/9/90/Porcupine_Mountains_Michigan.jpg/330px-Porcupine_Mountains_Michigan.jpg?utm_source=en.wikipedia.org&utm_campaign=api&utm_content=thumbnail,https://www.michigan.gov/recsearch/parks/Porkies,Ontonagon,Ontonagon
Agate Falls State Scenic Site,46.47940202993903,-89.08951478590984,State Park or Recreation Area,,,,,https://www.michigan.gov/recsearch/parks/Agatefalls,Ontonagon,Trout Creek
F.J. McLain State Park,47.236071639054295,-88.60830468971878,State Park or Recreation Area,,,,,https://www.michigan.gov/recsearch/parks/McLain,Houghton,Hancock
Twin Lakes State Park,46.890950572570574,-88.85772871673507,State Park or Recreation Area,,,,,https://www.michigan.gov/recsearch/parks/TwinLakes,Houghton,Toivola
Muskegon State Park,43.249524158251724,-86.3335005041854,State Park or Recreation Area,,,"Muskegon State Park is a public recreation area located four miles (6.4 km) west of North Muskegon in Muskegon County, Michigan. The park's 1,233 acres (499 ha) encompass two miles of sand beach on Lake Michigan and one mile of beach on Muskegon Lake.",https://upload.wikimedia.org/wikipedia/commons/thumb/8/8d/MuskegonStateParkBlockhouse.JPG/330px-MuskegonStateParkBlockhouse.JPG?utm_source=en.wikipedia.org&utm_campaign=api&utm_content=thumbnail,https://www.michigan.gov/recsearch/parks/Muskegon,Muskegon,North Muskegon
William G. Milliken State Park,42.333272176547865,-83.02622840671454,State Park or Recreation Area,,,"The William G. Milliken State Park and Harbor is a public recreation area located on the Detroit River just east of downtown Detroit, Michigan, on a portion of the city's International Riverfront. The state park's 31 acres (13 ha) include wetlands, paved trails, and a 52-slip harbor of refuge. A 63-foot (19 m) conical brick lighthouse tower, designed as a scaled-down replica of the Tawas Point Light, marks the harbor entrance.",https://upload.wikimedia.org/wikipedia/commons/thumb/1/1d/William_G._Milliken_State_Park_and_Harbor.jpg/330px-William_G._Milliken_State_Park_and_Harbor.jpg?utm_source=en.wikipedia.org&utm_campaign=api&utm_content=thumbnail,https://www.michigan.gov/recsearch/parks/WilliamMilliken,Wayne,Detroit
J.W. Wells State Park,45.39542144381269,-87.36735306268339,State Park or Recreation Area,,,"J.W. Wells State Park is a state park in the U.S. state of Michigan. The 678-acre (2.74 km2) park is located in Menominee County on the shore of Lake Michigan's Green Bay, just south of Cedar River. It is on M-35, roughly midway between Menominee and Escanaba. It was added to the National Register of Historic Places in 2002.",https://upload.wikimedia.org/wikipedia/commons/thumb/1/18/Sunset_at_J.W._Wells_State_Park.jpg/330px-Sunset_at_J.W._Wells_State_Park.jpg?utm_source=en.wikipedia.org&utm_campaign=api&utm_content=thumbnail,https://www.michigan.gov/recsearch/parks/JWWells,Menominee,Cedar River
Fayette Historic State Park,45.7180015374664,-86.64886388305503,State Park or Recreation Area,,,"Fayette Historic State Park is a historic preservation and public recreation area encompassing the historic town of Fayette in the U.S. state of Michigan. It is located on the Big Bay de Noc of Lake Michigan, between Snail Shell Harbor and Sand Bay, on the southern side of the Upper Peninsula, about 17 miles south of US 2. Fayette was the site of an industrial community that manufactured charcoal pig iron between 1867 and 1891. The town has been reconstructed into a living museum, showing what life was like in this town in the late 19th century. It was listed on the National Register of Histo…",https://upload.wikimedia.org/wikipedia/commons/thumb/6/6f/Fayette_Historic_Townsite.jpg/330px-Fayette_Historic_Townsite.jpg?utm_source=en.wikipedia.org&utm_campaign=api&utm_content=thumbnail,https://www.michigan.gov/recsearch/parks/Fayette,Delta,Garden
Dodge #4 State Park,42.61704520888713,-83.36949753893158,State Park or Recreation Area,,,"Dodge is an American brand of automobiles and a division of Stellantis, based in Auburn Hills, Michigan. Dodge vehicles have historically included performance cars, and for much of its existence, Dodge was Chrysler's mid-priced brand above Plymouth. The Dodge main factory operated in Hamtramck, Michigan from 1910 until it closed in January 1980.",,https://www.michigan.gov/recsearch/parks/Dodge4,Oakland,Waterford
Bewabic State Park,46.09306348273689,-88.43621347857763,State Park or Recreation Area,,,"Bewabic State Park is a public recreation area covering 315 acres (127 ha) on the shore of Fortune Lake, four miles (6.4 km) west of Crystal Falls in Iron County, Michigan. The state park's rich Civilian Conservation Corps history is evidenced by the CCC structures still in use. The park was listed on the National Register of Historic Places for its CCC-related architecture in 2016.",https://upload.wikimedia.org/wikipedia/commons/thumb/4/46/Oldest_Building_at_Bewabic_State_Park.jpg/330px-Oldest_Building_at_Bewabic_State_Park.jpg?utm_source=en.wikipedia.org&utm_campaign=api&utm_content=thumbnail,https://www.michigan.gov/recsearch/parks/Bewabic,Iron,Crystal Falls
Aloha State Park,45.526140796205205,-84.46597329134592,State Park or Recreation Area,,,"Aloha State Park is a public recreation area located six miles (9.7 km) south of Cheboygan in Cheboygan County, Michigan. The state park covers 172 acres (70 ha) on the northeast side of Mullett Lake at the center of the Inland Lakes Waterways.",https://upload.wikimedia.org/wikipedia/commons/thumb/9/94/M-212_terminus.jpg/330px-M-212_terminus.jpg?utm_source=en.wikipedia.org&utm_campaign=api&utm_content=thumbnail,https://www.michigan.gov/recsearch/parks/Aloha,Cheboygan,Cheboygan
Father Marquette Memorial Scenic Site,45.85290167299913,-84.72582930157088,State Park or Recreation Area,,,,,,Mackinac,St. Ignace
Mackinac Island and Fort Mackinac Historic Park,45.86432208688233,-84.62846329506516,State Park or Recreation Area,,,,,,Mackinac,Mackinac Island
Palms Book State Park,46.00478059811063,-86.38505283770102,State Park or Recreation Area,,,"Palms Book State Park is a publicly owned nature preserve encompassing 388 acres (157 ha) in Thompson Township, Schoolcraft County, in the eastern Upper Peninsula of Michigan. The state park is noted for Kitch-iti-kipi, the ""Big Spring"".",https://upload.wikimedia.org/wikipedia/commons/thumb/b/ba/Palms_Book_State_Park_%28Kitch-iti-kipi%29.jpg/330px-Palms_Book_State_Park_%28Kitch-iti-kipi%29.jpg?utm_source=en.wikipedia.org&utm_campaign=api&utm_content=thumbnail,https://www.michigan.gov/recsearch/parks/PalmsBook,Schoolcraft,Manistique
Muskallonge Lake State Park,46.677327746551256,-85.6273286856924,State Park or Recreation Area,,,Muskallonge Lake State Park is a state park located in Luce County in the U.S. state of Michigan. It is located in Deer Park about 16 miles (25.7 km) east of Grand Marais along H-58.,https://upload.wikimedia.org/wikipedia/commons/thumb/1/11/Muskallonge_Lake_State_Park_beach%2C_Muskallonge_Lake_%28June_2021%29.jpg/330px-Muskallonge_Lake_State_Park_beach%2C_Muskallonge_Lake_%28June_2021%29.jpg?utm_source=en.wikipedia.org&utm_campaign=api&utm_content=thumbnail,https://www.michigan.gov/recsearch/parks/Muskallonge,Luce,Newberry
Tahquamenon Falls State Park,46.61074276204962,-85.20632854507086,State Park or Recreation Area,,,"The Tahquamenon Falls State Park is a 46,179-acre (18,688 ha) public recreation area in the U.S. state of Michigan. It is the second largest of Michigan's state parks. Bordering on Lake Superior, most of the park is located within Whitefish Township in Chippewa County, with the western section of the park extending into McMillan Township in Luce County. The nearest town of any size is Paradise.",https://upload.wikimedia.org/wikipedia/commons/thumb/9/92/Upper_Tahquamenon_Falls_%281%29.jpg/330px-Upper_Tahquamenon_Falls_%281%29.jpg?utm_source=en.wikipedia.org&utm_campaign=api&utm_content=thumbnail,https://www.michigan.gov/recsearch/parks/TahquamenonFalls,Chippewa,Paradise
Colonial Michilimackinac Historic State Park,45.786113675895436,-84.73544668350242,State Park or Recreation Area,,,,,,Emmet,Mackinaw City
Petoskey State Park,45.408092592498065,-84.90231630352608,State Park or Recreation Area,,,"Petoskey State Park is a public recreation area covering 303 acres (123 ha) on Lake Michigan in Bear Creek Township, Emmet County, Michigan. The state park is located three miles (4.8 km) northeast of the city of Petoskey on Little Traverse Bay. It is surrounded by heavily vegetated sand dunes that are excellent examples of parabolic dunes. Michigan's state stone, the Petoskey stone, can be found on the park beach.",https://upload.wikimedia.org/wikipedia/commons/thumb/6/68/Petoskey_State_Park_%28July_2019%29.jpg/330px-Petoskey_State_Park_%28July_2019%29.jpg?utm_source=en.wikipedia.org&utm_campaign=api&utm_content=thumbnail,https://www.michigan.gov/recsearch/parks/Petoskey,Emmet,Petoskey
Cheboygan State Park,45.64328365833335,-84.39986317496906,State Park or Recreation Area,,,"Cheboygan State Park is a 1,250-acre (510 ha) public recreation area on Lake Huron in Cheboygan County, Michigan, United States. The state park offers nearly 4 miles (6.4 km) of shoreline with opportunities for swimming, fishing, boating, and hiking in addition to views of the Fourteen Foot Shoal Light, the ruins of the 1859 Cheboygan Point Light, and a distant view of the Poe Reef Light, some six miles to the northeast.",https://upload.wikimedia.org/wikipedia/commons/thumb/f/fc/Cheboygan_State_Park.jpg/330px-Cheboygan_State_Park.jpg?utm_source=en.wikipedia.org&utm_campaign=api&utm_content=thumbnail,https://www.michigan.gov/recsearch/parks/Cheboygan,Cheboygan,Cheboygan
Historic Mill Creek Discovery Park,45.74431476680225,-84.66695835723611,State Park or Recreation Area,,,"Dousman's Mill, formerly known as Historic Mill Creek, Historic Mill Creek State Park and Historic Mill Creek Discovery Park, is a state park, nature preserve, and historic site in the U.S. state of Michigan. It is run by Mackinac State Historic Parks, the operating arm of the various historic parks in the Mackinac Straits area, including Mackinac Island State Park. It is 625 acres (253 ha) in size, and the park is located five miles (8.0 km) southeast of Mackinaw City on U.S. Highway 23.",https://upload.wikimedia.org/wikipedia/commons/thumb/a/a9/Historic_Mill_Creek_Michigan.jpg/330px-Historic_Mill_Creek_Michigan.jpg?utm_source=en.wikipedia.org&utm_campaign=api&utm_content=thumbnail,https://en.wikipedia.org/wiki/Dousman's_Mill,Cheboygan,Mackinaw City
Onaway State Park,45.43223563489876,-84.22907609691917,State Park or Recreation Area,,,"Onaway State Park is a public recreation area covering 158 acres (64 ha) on the southeast shore of Black Lake in North Allis Township, Presque Isle County, Michigan. The state parks sits at the end of M-211 five miles north of Onaway. It contains sand and cobblestone beaches, large rock outcroppings, a campground, and nature trail highlighting a diversity of trees. The park was added to the National Register of Historic Places in 2009.",https://upload.wikimedia.org/wikipedia/commons/thumb/2/2a/Onaway_State_Park_c1930.jpg/330px-Onaway_State_Park_c1930.jpg?utm_source=en.wikipedia.org&utm_campaign=api&utm_content=thumbnail,https://www.michigan.gov/recsearch/parks/Onaway,Presque Isle,Onaway
P.H. Hoeft State Park,45.463713659062655,-83.88356999110432,State Park or Recreation Area,,,,,https://www.michigan.gov/recsearch/parks/Hoeft,Presque Isle,Rogers City
Young State Park,45.23590855702637,-85.04218832752878,State Park or Recreation Area,,,"Young State Park is a public recreation area near Boyne City, Michigan, occupying 563 acres (228 ha) on the eastern shore of 17,260-acre (6,980 ha) Lake Charlevoix in Charlevoix County in the northwest of Northern Michigan.",https://upload.wikimedia.org/wikipedia/commons/thumb/a/ae/Young_State_Park_%28Evangeline_Township%29.jpg/330px-Young_State_Park_%28Evangeline_Township%29.jpg?utm_source=en.wikipedia.org&utm_campaign=api&utm_content=thumbnail,https://www.michigan.gov/recsearch/parks/Young,Charlevoix,Boyne City
Fisherman's Island State Park,45.307795553760684,-85.30164341624915,State Park or Recreation Area,,,"Fisherman's Island State Park is a public recreation area of 2,678 acres (1,084 ha) sitting on six miles (9.7 km) of Lake Michigan shoreline southwest of Charlevoix, Michigan. It is named for a small piece of land, Fisherman Island, located some 900 feet (270 m) from the mainland. For most of the period from 1998 to 2016, historically low lake levels resulted in the island becoming attached to the mainland via a tombolo. The park's interior terrain consists largely of rolling dunes covered with maple, birch and aspen broken up by bogs of cedar and black spruce. The park is operated by the Mic…",https://upload.wikimedia.org/wikipedia/commons/thumb/a/a8/Fisherman%27s_Island_State_Park_%28July_2022%29.jpg/330px-Fisherman%27s_Island_State_Park_%28July_2022%29.jpg?utm_source=en.wikipedia.org&utm_campaign=api&utm_content=thumbnail,https://www.michigan.gov/recsearch/parks/Fishermans,Charlevoix,Charlevoix
Clear Lake State Park,45.13402658948406,-84.17714304634022,State Park or Recreation Area,,,,,https://www.michigan.gov/recsearch/parks/ClearLake,Montmorency,Atlanta
Harrisville State Park,44.64788355853072,-83.3019387197985,State Park or Recreation Area,,,"Harrisville State Park is a public recreation area covering 107 acres (43 ha) on the shore of Lake Huron off U.S. Route 23 in Harrisville and Harrisville Township, Alcona County, Michigan. The state park contains more than 100 acres of heavily forested land as well as a mile-long sandy beach. It is considered an important location for birders, with large and varied migratory populations of warblers and other song birds. The park is administered by the Michigan Department of Natural Resources.",https://upload.wikimedia.org/wikipedia/commons/thumb/3/33/Harrisville_State_Park_%28Sept_2018%29.jpg/330px-Harrisville_State_Park_%28Sept_2018%29.jpg?utm_source=en.wikipedia.org&utm_campaign=api&utm_content=thumbnail,https://www.michigan.gov/recsearch/parks/Harrisville,Alcona,Harrisville
Thompson's Harbor State Park,45.335517654163795,-83.60396088954343,State Park or Recreation Area,,,"Thompson's Harbor State Park is a remote and largely undeveloped public recreation area on Lake Huron covering 5,109 acres (2,068 ha) in Presque Isle County, Michigan. The state park's seven point five miles (12.1 km) of pristine shoreline encompass a varying terrain of second growth forest, limestone cobble beaches, and deep sand dunes. The park's flora and fauna include a large population of dwarf lake iris as well as more than one hundred bird species, coyotes, deer, and black bear. The park offers six miles (9.7 km) of trails for hikers and cross-country skiers, rustic cabins, and opportu…",https://upload.wikimedia.org/wikipedia/commons/thumb/0/0e/Thompson%27s_Harbor_State_Park_3.jpg/330px-Thompson%27s_Harbor_State_Park_3.jpg?utm_source=en.wikipedia.org&utm_campaign=api&utm_content=thumbnail,https://www.michigan.gov/recsearch/parks/ThompsonsHarbor,Presque Isle,Rogers City
Hartwick Pines State Park,44.73546249770235,-84.66976915580221,State Park or Recreation Area,,,"Hartwick Pines State Park is a public recreation area covering 9,335 acres (3,778 ha) in Crawford County near Grayling and Interstate 75 on the Lower Peninsula of the U.S. state of Michigan. The state park contains an old-growth forest of white pines and red pines, known as the Hartwick Pines. It is claimed by the Michigan Department of Natural resources that this old growth area, along with the Red Pine Natural Area Preserve in Roscommon County resembles the appearance of all Northern Michigan prior to the logging era. These areas do, however, lack the reoccurring low intensity fires which o…",https://upload.wikimedia.org/wikipedia/commons/thumb/b/b5/Hartwick_Pines_State_Park_logging_museum.jpg/330px-Hartwick_Pines_State_Park_logging_museum.jpg?utm_source=en.wikipedia.org&utm_campaign=api&utm_content=thumbnail,https://www.michigan.gov/recsearch/parks/Hartwick,Crawford,Grayling
North Higgins Lake State Park,44.51483845621283,-84.75950515874996,State Park or Recreation Area,,,"North Higgins Lake State Park is a public recreation area located nine miles (14 km) west of Roscommon in Beaver Creek Township, Crawford County, Michigan. The state park occupies 449 acres (182 ha) on the north shore of Higgins Lake at the site of what was once one of the world's largest seedling nurseries.",https://upload.wikimedia.org/wikipedia/commons/thumb/c/cf/North_Higgins_Lake_State_Park.jpg/330px-North_Higgins_Lake_State_Park.jpg?utm_source=en.wikipedia.org&utm_campaign=api&utm_content=thumbnail,https://www.michigan.gov/recsearch/parks/NorthHiggins,Crawford,Roscommon
Interlochen State Park,44.63139041821516,-85.76659948202375,State Park or Recreation Area,,,"Interlochen State Park is a public recreation area covering 187 acres (76 ha) on the isthmus between Green Lake and Duck Lake in Grand Traverse County, Michigan. The park offers swimming, year-round fishing, picnicking, camping, and boat launches.",https://upload.wikimedia.org/wikipedia/commons/thumb/f/f3/Interlochen_State_Park_entrance_sign_August_2026.jpg/330px-Interlochen_State_Park_entrance_sign_August_2026.jpg?utm_source=en.wikipedia.org&utm_campaign=api&utm_content=thumbnail,https://www.michigan.gov/recsearch/parks/Interlochen,Grand Traverse,Interlochen
William Mitchell State Park,44.23831237159271,-85.45483034322154,State Park or Recreation Area,,,"William Mitchell State Park is a public recreation area covering 660 acres (270 ha) on the southwest side of Cadillac in northern lower Michigan. The state park is located between Lake Mitchell and Lake Cadillac. The historic Clam Lake Canal, approximately one-third of a mile in length, connects the two lakes and runs directly through the park. Dug in 1873 at the direction of city father George A. Mitchell, the canal allowed felled trees to be floated from Lake Mitchell to lumber mills on Lake Cadillac.",https://upload.wikimedia.org/wikipedia/commons/thumb/c/c6/Mitchell_State_Park_%28May_2017%29.jpg/330px-Mitchell_State_Park_%28May_2017%29.jpg?utm_source=en.wikipedia.org&utm_campaign=api&utm_content=thumbnail,https://www.michigan.gov/recsearch/parks/Mitchell,Wexford,Cadillac
Newaygo State Park,43.49735924158944,-85.58233130292514,State Park or Recreation Area,,,"Newaygo State Park is a public recreation area covering 400 acres (160 ha) on the south side of Hardy Dam Pond in Big Prairie Township, Newaygo County, Michigan. The state park sits atop 20-foot (6.1 m) embankments overlooking the six-mile-long (10 km), 4,000-acre (1,600 ha) impoundment of the Muskegon River.",https://upload.wikimedia.org/wikipedia/commons/thumb/b/b3/Newaygo_State_Park.jpg/330px-Newaygo_State_Park.jpg?utm_source=en.wikipedia.org&utm_campaign=api&utm_content=thumbnail,https://www.michigan.gov/recsearch/parks/Newaygo,Newaygo,Newaygo
Negwegon State Park,44.849487589470904,-83.3459797550231,State Park or Recreation Area,,,"Negwegon State Park is an undeveloped public recreation area on Lake Huron lying five miles (8.0 km) southeast of the unincorporated community of Ossineke in Alpena County and Alcona County, Michigan. The state park's 4,118 acres (1,666 ha) occupy the southern tip of Thunder Bay, fourteen miles (23 km) across the water from the city of Alpena. The park includes lowland areas with small ridges, mature pine forest, open meadows, and a long sand beach. It is administered by the Michigan Department of Natural Resources with support from the volunteer ""Friends of Negwegon.""",https://upload.wikimedia.org/wikipedia/commons/thumb/6/63/Negwegon_State_Park_%28July_2025%29.jpg/330px-Negwegon_State_Park_%28July_2025%29.jpg?utm_source=en.wikipedia.org&utm_campaign=api&utm_content=thumbnail,https://www.michigan.gov/recsearch/parks/Negwegon,Alcona,Ossineke
Orchard Beach State Park,44.2837453298187,-86.31360961005858,State Park or Recreation Area,,,"Orchard Beach State Park is a public recreation area covering 201 acres (81 ha) on the shore of Lake Michigan in Manistee Township, Manistee County, Michigan. Situated on a bluff three miles north of the city of Manistee, the state park offers camping, hiking trails, and scenic views over Lake Michigan.",https://upload.wikimedia.org/wikipedia/commons/thumb/c/cf/Orchard_Beach_State_Park_2_by_Joshua_Young.png/330px-Orchard_Beach_State_Park_2_by_Joshua_Young.png?utm_source=en.wikipedia.org&utm_campaign=api&utm_content=thumbnail,https://www.michigan.gov/recsearch/parks/OrchardBeach,Manistee,Manistee
Port Crescent State Park,44.0073784649932,-83.05138757542343,State Park or Recreation Area,,,"Port Crescent State Park is a public recreation area on Lake Huron five miles (8.0 km) southwest of Port Austin in Huron County at the tip of The Thumb of Michigan. The state park covers 640 acres (260 ha) along state route M-25 in Hume Township. The park occupies the site of Port Crescent, a ghost town which once stood at the mouth of the Pinnebog River. The park was designated a Michigan ""dark sky preserve"" in 2012.",https://upload.wikimedia.org/wikipedia/commons/thumb/3/38/Port_Crescent_State_Park_%28Aug_2019%29.jpg/330px-Port_Crescent_State_Park_%28Aug_2019%29.jpg?utm_source=en.wikipedia.org&utm_campaign=api&utm_content=thumbnail,https://www.michigan.gov/recsearch/parks/PortCrescent,Huron,Port Austin
Rifle River State Recreation Area,44.42150548196384,-84.02211191992782,State Park or Recreation Area,,,"Rifle River State Recreation Area is a state park located on the upper reaches of the Rifle River within the Au Sable State Forest in Ogemaw County, in the U.S. state of Michigan. Covering 4,449 acres (1,800 ha), the area provides a variety of recreational opportunities, including boating, canoeing, hiking, hunting, fishing, cross-country skiing, biking, and swimming.",https://upload.wikimedia.org/wikipedia/commons/thumb/b/bf/Rifle_River_State_Recreation_Area_%28August_2021%29.jpg/330px-Rifle_River_State_Recreation_Area_%28August_2021%29.jpg?utm_source=en.wikipedia.org&utm_campaign=api&utm_content=thumbnail,https://www.michigan.gov/recsearch/parks/RifleRiver,Ogemaw,Lupton
Keith J. Charters Traverse City State Park,44.74808244894732,-85.55381442960183,State Park or Recreation Area,,,,,https://www.michigan.gov/recsearch/parks/TraverseCity,Grand Traverse,Traverse City
Tawas Point State Park,44.26075348654601,-83.44112372307777,State Park or Recreation Area,,,"Tawas Point State Park is a public recreation area located on Lake Huron in Northern Michigan near the city of East Tawas, Michigan. The state park encompasses 183 acres (74 ha) at the end of a sand spit that forms Tawas Bay. It has been referred to as the ""Cape Cod of the Midwest"" and is a notable bird-watching site. The park is home to the Tawas Point Light, which, although it has been remodeled several times, serves as the sole representative of a true Victorian-era style station built on the Great Lakes.",https://upload.wikimedia.org/wikipedia/commons/thumb/e/e1/Tawaspoint3.jpg/330px-Tawaspoint3.jpg?utm_source=en.wikipedia.org&utm_campaign=api&utm_content=thumbnail,https://www.michigan.gov/recsearch/parks/TawasPoint,Iosco,East Tawas
Van Riper State Park,46.52084057546996,-87.98473339777102,State Park or Recreation Area,,,"Van Riper State Park is a public recreation area located in the Upper Peninsula of the U.S. state of Michigan, 17 miles (27 km) west of Ishpeming on US Highway 41. The state park's 1,100 acres (450 ha) lie partly in Michigamme Township and partly in Champion Township, both in Marquette County. The park has about 1.5 miles (2.4 km) of frontage along the eastern shores of Lake Michigamme, and 1.5 miles (2.4 km) of frontage along the shores of the Peshekee River.",https://upload.wikimedia.org/wikipedia/commons/thumb/d/d6/Van_Riper_State_Park.jpg/330px-Van_Riper_State_Park.jpg?utm_source=en.wikipedia.org&utm_campaign=api&utm_content=thumbnail,https://www.michigan.gov/recsearch/parks/VanRiper,Marquette,Champion
Craig Lake State Park,46.59945057341327,-88.18985847096627,State Park or Recreation Area,,,"Craig Lake State Park is a remote public recreation area covering 9,732 acres (3,938 ha) in Baraga County in the Upper Peninsula of the state of Michigan. The state park has several lakes that are accessible only by foot or paddling.",,https://www.michigan.gov/recsearch/parks/CraigLake,Baraga,Champion
Wilderness State Park,45.74935196854189,-84.85867175111166,State Park or Recreation Area,,,"Wilderness State Park is a public recreation area bordering Lake Michigan, five miles southwest of Mackinaw City in Emmet County in Northern Michigan. The state park's 12,800 acres (5,200 ha) include 26 miles (42 km) of shoreline, diverse forested dune and swale complexes, wetlands, camping areas, and many miles of hiking trails. The state park is operated by the Michigan Department of Natural Resources, which has, as of 2006, approved a proposal that 4,492 acres (1,818 ha) be officially dedicated as a wilderness area. Wilderness State Park was designated a Michigan ""dark sky preserve"" in 201…",https://upload.wikimedia.org/wikipedia/commons/thumb/7/7e/Wilderness_State_Park_%28July_2018%29.jpg/330px-Wilderness_State_Park_%28July_2018%29.jpg?utm_source=en.wikipedia.org&utm_campaign=api&utm_content=thumbnail,https://www.michigan.gov/recsearch/parks/Wilderness,Emmet,Carp Lake
Brimley State Park,46.412706560671474,-84.55622608493425,State Park or Recreation Area,,,"Brimley State Park is a public recreation area covering approximately 100 acres (40 ha) on the shore of Whitefish Bay at the far eastern end of Lake Superior in the U.S. state of Michigan. The state park is located on the northeast side of the Village of Brimley, eleven miles southwest of Sault Ste. Marie. To help create the park, the Village of Brimley gave an initial 38 acres (15 ha) to the Michigan Department of Natural Resources in 1923. The park offers an observation platform as well as facilities for camping, picnicking, swimming, fishing, and boating.",https://upload.wikimedia.org/wikipedia/commons/thumb/8/80/Brimley_State_Park.JPG/330px-Brimley_State_Park.JPG?utm_source=en.wikipedia.org&utm_campaign=api&utm_content=thumbnail,https://www.michigan.gov/recsearch/parks/Brimley,Chippewa,Brimley
Leelanau State Park,45.208914523345065,-85.54543548077834,State Park or Recreation Area,,,"Leelanau State Park is a public recreation area covering 1,550 acres (630 ha) on the Leelanau Peninsula in Leelanau County, Michigan. The state park encompasses the tip of the peninsula and is the home of the Grand Traverse Lighthouse.",https://upload.wikimedia.org/wikipedia/commons/thumb/e/e3/Sunset_frm_Grand_Traverse_Lighthouse.jpg/330px-Sunset_frm_Grand_Traverse_Lighthouse.jpg?utm_source=en.wikipedia.org&utm_campaign=api&utm_content=thumbnail,https://www.michigan.gov/recsearch/parks/Leelanau,Leelanau,Northport
Burt Lake State Park,45.401561607715294,-84.61957921495917,State Park or Recreation Area,,,"Burt Lake State Park is a public recreation area covering approximately 125 acres (51 ha) on the south shore of Burt Lake at Indian River in Cheboygan County, Michigan. The state park features 2,000 feet (610 m) of sandy shoreline, swimming and boating access to the Inland Lakes Waterway, fishing on the Sturgeon River and Burt Lake, and camping facilities.",https://upload.wikimedia.org/wikipedia/commons/thumb/6/69/Burtlakesp.jpg/330px-Burtlakesp.jpg?utm_source=en.wikipedia.org&utm_campaign=api&utm_content=thumbnail,https://www.michigan.gov/recsearch/parks/BurtLake,Cheboygan,Indian River
Otsego Lake State Park,44.92827352769109,-84.68863018334372,State Park or Recreation Area,,,"Otsego Lake State Park is a public recreation area covering 62 acres (25 ha) on the southeast shore of Otsego Lake in Otsego Lake Township, Otsego County, Michigan.",https://upload.wikimedia.org/wikipedia/commons/thumb/e/e2/Otsego_Lake_State_Park_%28Oct_2018%29.jpg/330px-Otsego_Lake_State_Park_%28Oct_2018%29.jpg?utm_source=en.wikipedia.org&utm_campaign=api&utm_content=thumbnail,https://www.michigan.gov/recsearch/parks/Otsego,Otsego,Gaylord
Ionia State Recreation Area,42.92983717093038,-85.13414510796775,State Park or Recreation Area,,,"Ionia State Recreation Area is a 4,500-acre (1,800 ha) recreation area, located in Ionia County, Michigan.",https://upload.wikimedia.org/wikipedia/commons/thumb/3/35/Ionia_State_Recreation_Area.jpg/330px-Ionia_State_Recreation_Area.jpg?utm_source=en.wikipedia.org&utm_campaign=api&utm_content=thumbnail,https://www.michigan.gov/recsearch/parks/Ionia,Ionia,Ionia
South Higgins Lake State Park,44.42309251068727,-84.67815911609682,State Park or Recreation Area,,,"South Higgins Lake State Park is a public recreation area covering 1,364 acres (552 ha) on the southern shore of Higgins Lake five miles southwest of Roscommon in Roscommon County, Michigan. The state park occupies one mile of shoreline on Higgins Lake and entirely surrounds Marl Lake and portions of the Cut River.",https://upload.wikimedia.org/wikipedia/commons/thumb/6/6d/South_Higgins_Lake_State_Park.jpg/330px-South_Higgins_Lake_State_Park.jpg?utm_source=en.wikipedia.org&utm_campaign=api&utm_content=thumbnail,https://www.michigan.gov/recsearch/parks/SouthHiggins,Roscommon,Roscommon
Maybury State Park,42.435713168596386,-83.53393057235864,State Park or Recreation Area,,,"Maybury State Park is a public recreation area in Northville Township, Wayne County, Michigan composed of 944 acres (382 ha) of gently rolling terrain, open meadow, and mature forest. The park gives people in the nearby metropolitan area an opportunity to get involved in outdoor recreation activities in a state park setting. Lying adjacent to the park, Maybury Farm is operated as a separate facility by the Northville Community Foundation.",https://upload.wikimedia.org/wikipedia/commons/thumb/e/ee/Maybury_Sanatorium.jpg/330px-Maybury_Sanatorium.jpg?utm_source=en.wikipedia.org&utm_campaign=api&utm_content=thumbnail,https://www.michigan.gov/recsearch/parks/Maybury,Wayne,Northville
Wagner Falls Scenic Site,46.38820832013953,-86.6472291401468,State Park or Recreation Area,,,"The Wagner Falls Scenic Site is a Michigan State Park, located in central Alger County, Upper Michigan. The 23-acre (0.1 km2) state scenic area protects Wagner Falls.",https://upload.wikimedia.org/wikipedia/commons/thumb/4/49/Wagner_Falls.jpg/330px-Wagner_Falls.jpg?utm_source=en.wikipedia.org&utm_campaign=api&utm_content=thumbnail,https://www.michigan.gov/recsearch/parks/WagnerFalls,Alger,Munising
Indian Lake State Park,45.94107159127082,-86.33256681309935,State Park or Recreation Area,,,,,https://www.michigan.gov/recsearch/parks/IndianLake,Schoolcraft,Manistique
Sturgeon Point Scenic Site,44.71243457030414,-83.27664771815236,State Park or Recreation Area,,,"The Sturgeon Point Light Station is a lighthouse on Lake Huron in Haynes Township, Alcona County, in the northeastern part of Michigan's Lower Peninsula. Established to ward mariners off a reef that extends 1.5 miles (2.4 km) lakeward from Sturgeon Point, it is today regarded as a historic example of a Cape Cod style Great Lakes lighthouse.",https://upload.wikimedia.org/wikipedia/commons/thumb/d/df/Sturgeon_Point_Lighthouse_%28July_2025%29.jpg/330px-Sturgeon_Point_Lighthouse_%28July_2025%29.jpg?utm_source=en.wikipedia.org&utm_campaign=api&utm_content=thumbnail,https://www.michigan.gov/recsearch/parks/SturgeonPoint,Alcona,Harrisville
Fort Wilkins State Park,47.467093721278985,-87.86816449343391,State Park or Recreation Area,,,"Fort Wilkins Historic State Park is a historic preservation and public recreation area operated by the Michigan Department of Natural Resources at Copper Harbor, Michigan. The park preserves the restored 1844 army military outpost, Fort Wilkins, which was placed on the National Register of Historic Places in 1970. The state park's 987 acres (399 ha) include camping and day-use facilities as well as the Copper Harbor Lighthouse, built in 1866. The park is a ""Cooperating Site"" of the Keweenaw National Historical Park.",https://upload.wikimedia.org/wikipedia/commons/thumb/d/d1/Up_fort_wilkins_01_m1_screen.jpg/330px-Up_fort_wilkins_01_m1_screen.jpg?utm_source=en.wikipedia.org&utm_campaign=api&utm_content=thumbnail,https://www.michigan.gov/recsearch/parks/FortWilkins,Keweenaw,
W.C. Wetzel Recreation Area,42.73393525585761,-82.84737538802032,State Park or Recreation Area,,,,,https://www.michigan.gov/recsearch/parks/Wetzel,Macomb,
Algonac State Park,42.647491696974065,-82.51470576755351,State Park or Recreation Area,,,"Algonac State Park is a public recreation area covering 1,550 acres (630 ha) along the St. Clair River, two miles north of the city of Algonac in St. Clair County, Michigan, United States. The state park's half mile of river frontage offers a view of passing international freighters.",https://upload.wikimedia.org/wikipedia/commons/thumb/3/32/Algonac_State_Park_2.jpg/330px-Algonac_State_Park_2.jpg?utm_source=en.wikipedia.org&utm_campaign=api&utm_content=thumbnail,https://www.michigan.gov/recsearch/parks/Algonac,St. Clair,Marine City
Wilson State Park,44.0288912134241,-84.8053469611525,State Park or Recreation Area,,,,,https://www.michigan.gov/recsearch/parks/Wilson,Clare,Harrison
Van Buren State Park,42.33793489606533,-86.30133270103369,State Park or Recreation Area,,,,,https://www.michigan.gov/recsearch/parks/VanBuren,Van Buren,South Haven
Bald Mountain State Recreation Area,42.74321103845456,-83.21857747384324,State Park or Recreation Area,,,,,https://www.michigan.gov/recsearch/parks/BaldMtn,Oakland,Lake Orion
Baraga State Park,46.76082443762509,-88.50035840833792,State Park or Recreation Area,,,"Baraga State Park is a public recreation area covering 56 acres (23 ha) on the shore of Lake Superior's Keweenaw Bay in Baraga County, Michigan. The state park sits along Route 41 on the south side of the village of Baraga. The park, village, and county bear the name of Bishop Frederic Baraga.",https://upload.wikimedia.org/wikipedia/commons/thumb/d/dd/BaragaStateParkEntranceSign.jpg/330px-BaragaStateParkEntranceSign.jpg?utm_source=en.wikipedia.org&utm_campaign=api&utm_content=thumbnail,https://www.michigan.gov/recsearch/parks/Baraga,Baraga,Baraga
Holly State Recreation Area,42.81628323459075,-83.54023660979442,State Park or Recreation Area,,,,,https://www.michigan.gov/recsearch/parks/Holly,Oakland,Holly
Cambridge Junction Historic State Park,42.06217306744286,-84.22271874824386,State Park or Recreation Area,,,"Cambridge Junction Historic State Park is a historical preservation area 3 miles (4.8 km) south of Brooklyn in Cambridge Township, Michigan, that includes Walker Tavern, a major stopping place for stagecoaches traveling between Detroit and Chicago in the early nineteenth century.
The tavern is operated seasonally by the Michigan History Center. The 80-acre state park includes two additional historic structures: a reconstructed barn with artifacts and exhibits about people, travel and work in the mid-19th century, and the 1929 Hewitt House Visitors Center which focuses on early auto tourism an…",https://upload.wikimedia.org/wikipedia/commons/thumb/a/a9/Walker%27s_Tavern_Cambridge_Junction_Historic_State_Park_Brooklyn_Michigan.JPG/330px-Walker%27s_Tavern_Cambridge_Junction_Historic_State_Park_Brooklyn_Michigan.JPG?utm_source=en.wikipedia.org&utm_campaign=api&utm_content=thumbnail,https://www.michigan.gov/recsearch/parks/Cambridge,Lenawee,Brooklyn
Proud Lake State Recreation Area,42.5702441912484,-83.55965559220452,State Park or Recreation Area,,,"Proud Lake State Recreation Area is a state-managed public park and recreation area located in Commerce Township, Oakland County, Michigan, near Wixom. It is under the jurisdiction of the Michigan Department of Natural Resources. The recreation area has a total area of 3,030 acres (12.3 km2) and offers various outdoor activities including 20 miles (32 km) of hiking trails, cross-country skiing, fishing in the Huron River, hunting, canoeing, and picnicking. A campground has 130 campsites and a 24-person cabin for rent.",https://upload.wikimedia.org/wikipedia/commons/thumb/9/9f/Proud_Lake_Recreation_Area.jpg/330px-Proud_Lake_Recreation_Area.jpg?utm_source=en.wikipedia.org&utm_campaign=api&utm_content=thumbnail,https://www.michigan.gov/recsearch/parks/ProudLake,Oakland,Commerce Twp.
Highland State Recreation Area,42.65008220545172,-83.54383059520151,State Park or Recreation Area,,,,,https://www.michigan.gov/recsearch/parks/Highland,Oakland,White Lake
Fred Meijer White Pine Trail State Park,43.07765216960237,-85.60694826604585,State Park or Recreation Area,,,Fred Meijer White Pine Trail State Park is a 92-mile (148 km) long linear state park in the U.S. state of Michigan.,https://upload.wikimedia.org/wikipedia/commons/d/de/White_Pine_Trail%2C_Michigan.jpg?utm_source=en.wikipedia.org&utm_campaign=api&utm_content=thumbnail_unscaled,https://www.michigan.gov/recsearch/parks/FredMeijerWhitePine,Kent,
William Field Memorial Hart-Montague Trail State Park,43.689121136027964,-86.37259681975867,State Park or Recreation Area,,,,,,Oceana,
Straits State Park,45.858344674168364,-84.72094030033128,State Park or Recreation Area,,,Straits State Park is a state park in the U.S. state of Michigan located in Moran Township and St. Ignace in Mackinac County on the northern shores of the Straits of Mackinac. The Father Marquette National Memorial and park is also located within the state park boundaries. The park has 255 campsites and several locations for viewing the Mackinac Bridge.,https://upload.wikimedia.org/wikipedia/commons/thumb/5/54/Straits_State_Park_bridge_view_%28November_2019%29.jpg/330px-Straits_State_Park_bridge_view_%28November_2019%29.jpg?utm_source=en.wikipedia.org&utm_campaign=api&utm_content=thumbnail,https://www.michigan.gov/recsearch/parks/Straits,Mackinac,St. Ignace
Lakelands Trail State Park,42.465648156666816,-83.87627567913549,State Park or Recreation Area,,,"Lakelands Trail State Park, officially the Mike Levine Lakelands Trail State Park since January 20, 2017, is a state park in Michigan that runs east–west from southwest of Munith to Hamburg Township, Michigan. It is a multi-use trail converted from abandoned railroad corridors. According to the Michigan DNR web site, the north side of the trail is for hiking and biking, and the south side is for horseback riding.
Based on the latest published DNR map the trail is 31.9 miles (51.3 km) long with the surface from Hawkins Rd. southwest of Munith to west of Pinckney composed of sections of crushed…",https://upload.wikimedia.org/wikipedia/commons/thumb/a/a8/Lakelands_Trail_State_Park_%28Pinckney%29.jpg/330px-Lakelands_Trail_State_Park_%28Pinckney%29.jpg?utm_source=en.wikipedia.org&utm_campaign=api&utm_content=thumbnail,https://www.michigan.gov/recsearch/parks/MikeLevineLakelands,Livingston,Pinckney
Van Buren Trail State Park,42.21133814617303,-86.17114668416085,State Park or Recreation Area,,,"Van Buren Trail State Park, also known as Trail State Park, is an unimproved rail trail running along a former railroad right-of-way between Hartford, Michigan to South Haven, Michigan in Van Buren County. It is 14 miles (23 km) long and is used by hikers, mountain bikers and horse trail riders in the summer and snowmobilers in the winter. Terrain is flat with farmland and trees.",,https://en.wikipedia.org/wiki/Van_Buren_Trail_State_Park,Van Buren,
Belle Isle Park,42.3373220004083,-82.98459400043728,State Park or Recreation Area,,,"Belle Isle Park, known simply as Belle Isle, is a 982-acre island park in Detroit, Michigan, developed in the late 19th century. It consists of Belle Isle, an island in the Detroit River, as well as several surrounding islets. The U.S.-Canada border is in the channel south of Belle Isle.",https://upload.wikimedia.org/wikipedia/commons/thumb/d/d1/Belle_Isle_Park.jpg/330px-Belle_Isle_Park.jpg?utm_source=en.wikipedia.org&utm_campaign=api&utm_content=thumbnail,https://www.michigan.gov/recsearch/parks/BelleIsle,Wayne,Detroit
Menominee River State Recreation Area,45.75970622051045,-87.93897541889183,State Park or Recreation Area,,,"Menominee River State Recreation Area is a state-managed protected area located in Breitung and Norway townships in Dickinson County and Faithorn Township in Menominee County, Michigan, southeast of Iron Mountain. It is 2,354 acres (953 ha) in area and is currently undeveloped. The park comprises a 145.35-acre (58.82 ha) tract along 1.5 miles (2.4 km) of the Menominee River south of the City of Norway and the 2,208.83-acre (893.88 ha) Quiver Falls Tract along eight miles (13 km) of the river farther downstream. In 2016, an additional 525-acre (212 ha) of Escanaba State Forest land was transfe…",,https://www.michigan.gov/recsearch/parks/Menominee,Dickinson,Norway
Rockport State Recreation Area,45.20718800027102,-83.40828899953186,State Park or Recreation Area,,,"Rockport State Recreation Area is a 4,237-acre (17.15 km2) state park located along the shore of Lake Huron in Alpena and Presque Isle counties in the state of Michigan, United States. It is operated by the Michigan Department of Natural Resources and was established in 2012. The park contains limestone formations and an old limestone quarry. There is a deep water boat launch that can accommodate all sizes of watercraft. The park is located along the Lake Huron Flyway. It is used to gauge the health of Lake Huron and its shoreline environment. Several ship wrecks can be found off-shore in the…",https://upload.wikimedia.org/wikipedia/commons/thumb/5/55/Rockport_State_Recreation_Area_at_dawn.jpg/330px-Rockport_State_Recreation_Area_at_dawn.jpg?utm_source=en.wikipedia.org&utm_campaign=api&utm_content=thumbnail,https://www.michigan.gov/recsearch/parks/Rockport,Presque Isle,Harrisville
Kal-Haven Trail State Park,42.32569906960819,-85.66842582173226,State Park or Recreation Area,,,"The Kal-Haven Trail, formally known as the Kal-Haven Trail Sesquicentennial State Park, is a rail trail in the US that originally ran 33.5 miles (53.9 km) between South Haven, Michigan, to a point just west of the city of Kalamazoo, Michigan, where there is a trailhead. In 2008, the trail was extended east from the trailhead to downtown Kalamazoo as part of the Kalamazoo River Valley Trail.",https://upload.wikimedia.org/wikipedia/commons/thumb/b/b9/Kal-Haven_Trail.jpg/330px-Kal-Haven_Trail.jpg?utm_source=en.wikipedia.org&utm_campaign=api&utm_content=thumbnail,https://en.wikipedia.org/wiki/Kal-Haven_Trail,Kalamazoo,
Tippy Dam Recreation Area,44.25987634740174,-85.94245349412576,State Park or Recreation Area,,,,,https://www.michigan.gov/recsearch/parks/TippyDam,Manistee,Brethren
Lime Island Recreation Area,46.088182907970186,-84.0110615276123,State Park or Recreation Area,,,,,https://www.michigan.gov/recsearch/parks/LimeIsland,Chippewa,
Watkins Lake State Park and County Preserve,42.12538082768531,-84.13798022716148,State Park or Recreation Area,,,"Watkins Lake State Park and County Preserve is a combination public recreation area and nature preserve located five miles west of Manchester in Jackson and Washtenaw counties, Michigan. The area occupies a total of 1,122 acres (454 ha), with the Michigan Department of Natural Resources owning 717 acres (290 ha) in Norvell Township, Jackson County, and Washtenaw County owning 405 acres (164 ha) in Manchester Township. Dedicated in 2017, it is under the joint management of the Michigan DNR and the Washtenaw County Parks & Recreation Commission. A five-mile former rail corridor runs through the…",https://upload.wikimedia.org/wikipedia/commons/thumb/2/2c/Watkins_Lake_State_Park_and_County_Preserve.jpg/330px-Watkins_Lake_State_Park_and_County_Preserve.jpg?utm_source=en.wikipedia.org&utm_campaign=api&utm_content=thumbnail,https://www.michigan.gov/recsearch/parks/WatkinsLake,Jackson,
Outdoor Adventure Center,42.333413175942866,-83.02729640781979,State Park or Recreation Area,,,,,,Wayne,Detroit
Holly Oaks ORV Park,42.82307157486061,-83.55773923497136,State Park or Recreation Area,,,,,,Oakland,Holly
Laughing Whitefish Falls State Park,46.38108398180959,-87.08520055315826,State Park or Recreation Area,,,"Laughing Whitefish Falls State Park is a public recreation area protecting 960 acres (390 ha) along the Laughing Whitefish River in Onota Township and Rock River Township, in far western Alger County, Michigan. Its main scenic feature is Laughing Whitefish Falls, a 100-foot fan-shaped cascade located in the southern part of the site, in Rock River Township, eight miles (13 km) south of Lake Superior and three miles north of M-94.",https://upload.wikimedia.org/wikipedia/commons/thumb/6/66/Laughingwhitefish013.jpg/330px-Laughingwhitefish013.jpg?utm_source=en.wikipedia.org&utm_campaign=api&utm_content=thumbnail,https://www.michigan.gov/recsearch/parks/LaughingWhitefish,Alger,Sundell
